{
  "photo_0.jpg": [
    0.5164259108252057,
    0.5102283025626312,
    0.4846498041751484
  ],
  "photo_1.jpg": [
    0.47008040305099097,
    0.48273046129781133,
    0.5200651783834462
  ],
  "photo_2.jpg": [
    0.4599349694973989,
    0.49710909447938995,
    0.5846639334646206
  ],
  "photo_3.jpg": [
    0.5163939026502535,
    0.5253703544547654,
    0.5905118727956394
  ],
  "photo_4.jpg": [
    0.5393563810190967,
    0.476761949319019,
    0.5232839230175745
  ],
  "photo_5.jpg": [
    0.4435604910611726,
    0.5310447864830253,
    0.46594315498970323
  ],
  "photo_6.jpg": [
    0.38975901124711065,
    0.48867773617095295,
    0.48110296424127225
  ],
  "photo_7.jpg": [
    0.4019423910963058,
    0.46204727834640963,
    0.5536204553026508
  ],
  "photo_8.jpg": [
    0.47290645631619166,
    0.5481554879383924,
    0.5421638455025602
  ],
  "photo_9.jpg": [
    0.5086522761207315,
    0.45426483704784587,
    0.43153751648342886
  ],
  "photo_10.jpg": [
    0.46576918541640533,
    0.5109534605352642,
    0.38330924589274046
  ],
  "photo_11.jpg": [
    0.4034639074251694,
    0.5240978927747554,
    0.4186547470179229
  ],
  "photo_12.jpg": [
    0.41669500398851766,
    0.4491735495949824,
    0.47473264272886817
  ],
  "photo_13.jpg": [
    0.5603124553187799,
    0.546486398798391,
    0.48522472856044596
  ],
  "photo_14.jpg": [
    0.5735248035227777,
    0.4821566855533993,
    0.41640853947541423
  ],
  "photo_15.jpg": [
    0.5349618454034111,
    0.49122726505538683,
    0.3753391149094148
  ],
  "photo_16.jpg": [
    0.4788490912407129,
    0.5617472800387578,
    0.39061940680616725
  ],
  "photo_17.jpg": [
    0.5213989687843373,
    0.4288599843323289,
    0.509054046767413
  ],
  "photo_18.jpg": [
    0.600644287401579,
    0.5541347609031012,
    0.5190337512921666
  ],
  "photo_19.jpg": [
    0.6263430171236457,
    0.48839478783499596,
    0.4700117623242607
  ],
  "photo_20.jpg": [
    0.6072413850581792,
    0.43971137809440236,
    0.41828714247935284
  ],
  "photo_21.jpg": [
    0.5171972492799349,
    0.56173954933697,
    0.4483663775165398
  ],
  "photo_22.jpg": [
    0.5330643217316829,
    0.43741523803007587,
    0.6044963003250186
  ],
  "photo_23.jpg": [
    0.5943710936803699,
    0.5111225293394607,
    0.6026119477011226
  ],
  "photo_24.jpg": [
    0.6397737207970928,
    0.5367075982189554,
    0.548672553092886
  ],
  "photo_25.jpg": [
    0.5819746115710368,
    0.4219956359488208,
    0.4801366471934886
  ],
  "photo_26.jpg": [
    0.4166480348376213,
    0.5733852840308925,
    0.558013259575565
  ],
  "photo_27.jpg": [
    0.4464166783886125,
    0.46859556816641423,
    0.6366473745594945
  ],
  "photo_28.jpg": [
    0.5236496487441187,
    0.46832183801152905,
    0.6469674160661888
  ],
  "photo_29.jpg": [
    0.5645925533553661,
    0.5729075433825597,
    0.5803111911036993
  ],
  "photo_30.jpg": [
    0.4369136765140624,
    0.40021397588797786,
    0.4567677344211761
  ],
  "photo_31.jpg": [
    0.35595690289984155,
    0.5427647179831726,
    0.5166159492232372
  ],
  "photo_32.jpg": [
    0.37493636408997033,
    0.5179434156783358,
    0.5824495926481773
  ],
  "photo_33.jpg": [
    0.44840023759304837,
    0.4145675395699374,
    0.6056052752048415
  ],
  "photo_34.jpg": [
    0.4951314695628452,
    0.6051039464622433,
    0.4651974285566139
  ],
  "photo_35.jpg": [
    0.44198143592210637,
    0.4258447778848501,
    0.38998148719128106
  ],
  "photo_36.jpg": [
    0.3551476793170223,
    0.5109919424548436,
    0.4142016516927607
  ],
  "photo_37.jpg": [
    0.3715256321586857,
    0.5862810328407313,
    0.496159728217458
  ],
  "photo_38.jpg": [
    0.4748860194139796,
    0.4002807466306166,
    0.5055353080163139
  ],
  "photo_39.jpg": [
    0.5688907440645109,
    0.5760712366700099,
    0.3961626023403896
  ],
  "photo_40.jpg": [
    0.5054248989116676,
    0.4834165721910257,
    0.3268495871967045
  ],
  "photo_41.jpg": [
    0.433441430191847,
    0.4607479034974195,
    0.3502587704206792
  ],
  "photo_42.jpg": [
    0.42328403760032846,
    0.6009882295570279,
    0.458519734631877
  ],
  "photo_43.jpg": [
    0.626365523206609,
    0.4095481952558385,
    0.5136229415809722
  ],
  "photo_44.jpg": [
    0.6420588863232276,
    0.5389008133693465,
    0.44065221397316223
  ],
  "photo_45.jpg": [
    0.5981479944574699,
    0.5385814703753488,
    0.3674846912067891
  ],
  "photo_46.jpg": [
    0.5132820330451598,
    0.40647992998970645,
    0.38446641612675625
  ],
  "photo_47.jpg": [
    0.5237083952753966,
    0.6089861715478212,
    0.5823900963325093
  ],
  "photo_48.jpg": [
    0.6273562830922441,
    0.44681543226508247,
    0.5903514949532284
  ],
  "photo_49.jpg": [
    0.651378270857564,
    0.47003222204172873,
    0.526374174707259
  ],
  "photo_50.jpg": [
    0.6285573037043144,
    0.594561693904644,
    0.45843692445684764
  ],
  "photo_51.jpg": [
    0.46762271603013394,
    0.3651802705397804,
    0.5488098196594319
  ],
  "photo_52.jpg": [
    0.48668718181467974,
    0.5823208209829422,
    0.6410038859007825
  ],
  "photo_53.jpg": [
    0.5592288102073563,
    0.4910203692489617,
    0.6805253673251438
  ],
  "photo_54.jpg": [
    0.6014642697658171,
    0.40846264748522365,
    0.5895709685469667
  ],
  "photo_55.jpg": [
    0.5084417586444635,
    0.6232270336331708,
    0.5161714532008257
  ],
  "photo_56.jpg": [
    0.3775573526379667,
    0.40307042760344414,
    0.5277100690727741
  ],
  "photo_57.jpg": [
    0.37106375058347896,
    0.5188519293358727,
    0.6355676047013981
  ],
  "photo_58.jpg": [
    0.4400654425509593,
    0.5525153856662598,
    0.6575834939447069
  ],
  "photo_59.jpg": [
    0.5351366214101837,
    0.37453068438964654,
    0.5843443611478458
  ],
  "photo_60.jpg": [
    0.41786465655750377,
    0.6043150465237009,
    0.3934362698670219
  ],
  "photo_61.jpg": [
    0.34975083286415165,
    0.46182186245790774,
    0.437126005993006
  ],
  "photo_62.jpg": [
    0.32935307261655467,
    0.4554330727165962,
    0.5251752114251291
  ],
  "photo_63.jpg": [
    0.4341145354870395,
    0.6236061542534594,
    0.5786113715317066
  ],
  "photo_64.jpg": [
    0.5380588979601065,
    0.3693495057160401,
    0.4095046612025509
  ],
  "photo_65.jpg": [
    0.48168875284734475,
    0.5596499830788144,
    0.3265164853062357
  ],
  "photo_66.jpg": [
    0.3958032034131746,
    0.5459894990515659,
    0.3553875357209416
  ],
  "photo_67.jpg": [
    0.38506941492087743,
    0.3896388562994842,
    0.43626006485072955
  ],
  "photo_68.jpg": [
    0.5936493248611977,
    0.6383613462810838,
    0.5046185586148273
  ],
  "photo_69.jpg": [
    0.6186513668516567,
    0.40933075665953655,
    0.3813424683464009
  ],
  "photo_70.jpg": [
    0.5940223165504956,
    0.49464895525049724,
    0.3420685203855467
  ],
  "photo_71.jpg": [
    0.48823880959354404,
    0.6072635879320496,
    0.3443816690544844
  ],
  "photo_72.jpg": [
    0.5275241588615625,
    0.3627748423661076,
    0.48360337293562367
  ],
  "photo_73.jpg": [
    0.6324552681944455,
    0.6039212044873037,
    0.5715095067384908
  ],
  "photo_74.jpg": [
    0.7005663469414439,
    0.4924682076228753,
    0.48944947239999653
  ],
  "photo_75.jpg": [
    0.6681931812598917,
    0.42825366365196527,
    0.42323783280216176
  ],
  "photo_76.jpg": [
    0.5397445076462057,
    0.6417589698794501,
    0.4158614753568779
  ],
  "photo_77.jpg": [
    0.49514185332163363,
    0.38365604716430207,
    0.6436276732121146
  ],
  "photo_78.jpg": [
    0.5860308366191799,
    0.528726910646267,
    0.6607760916774756
  ],
  "photo_79.jpg": [
    0.6584029506612818,
    0.5573383909474217,
    0.6044213533720013
  ],
  "photo_80.jpg": [
    0.5956701036654033,
    0.3558109002743717,
    0.491116025602743
  ],
  "photo_81.jpg": [
    0.40653018275470887,
    0.6353510336827763,
    0.5289361353917578
  ],