{
  "photo_0.jpg": [
    0.3684210526315789,
    0.1111111111111111
  ],
  "photo_1.jpg": [
    0.5789473684210527,
    0.1111111111111111
  ],
  "photo_2.jpg": [
    0.47368421052631576,
    0.8888888888888888
  ],
  "photo_3.jpg": [
    0.631578947368421,
    0
  ],
  "photo_4.jpg": [
    0.3157894736842105,
    0.8888888888888888
  ],
  "photo_5.jpg": [
    0.6842105263157894,
    0.4444444444444444
  ],
  "photo_6.jpg": [
    0.7894736842105263,
    0.7777777777777777
  ],
  "photo_7.jpg": [
    0.2631578947368421,
    0.1111111111111111
  ],
  "photo_8.jpg": [
    0.6842105263157894,
    0.5555555555555556
  ],
  "photo_9.jpg": [
    0.42105263157894735,
    0
  ],
  "photo_10.jpg": [
    0.3157894736842105,
    0.3333333333333333
  ],
  "photo_11.jpg": [
    0.3684210526315789,
    0.8888888888888888
  ],
  "photo_12.jpg": [
    0.3684210526315789,
    0.6666666666666666
  ],
  "photo_13.jpg": [
    0.42105263157894735,
    0.8888888888888888
  ],
  "photo_14.jpg": [
    0.42105263157894735,
    0.7777777777777777
  ],
  "photo_15.jpg": [
    0.3157894736842105,
    0.2222222222222222
  ],
  "photo_16.jpg": [
    0.7368421052631579,
    0.5555555555555556
  ],
  "photo_17.jpg": [
    0.21052631578947367,
    0.7777777777777777
  ],
  "photo_18.jpg": [
    0.6842105263157894,
    0
  ],
  "photo_19.jpg": [
    0.3157894736842105,
    0.7777777777777777
  ],
  "photo_20.jpg": [
    0.3684210526315789,
    0.4444444444444444
  ],
  "photo_21.jpg": [
    0.7368421052631579,
    0.6666666666666666
  ],
  "photo_22.jpg": [
    0.2631578947368421,
    0.7777777777777777
  ],
  "photo_23.jpg": [
    0.6842105263157894,
    0.6666666666666666
  ],
  "photo_24.jpg": [
    0.42105263157894735,
    0.1111111111111111
  ],
  "photo_25.jpg": [
    0.631578947368421,
    0.5555555555555556
  ],
  "photo_26.jpg": [
    0.631578947368421,
    0.8888888888888888
  ],
  "photo_27.jpg": [
    0.2631578947368421,
    0.5555555555555556
  ],
  "photo_28.jpg": [
    0.631578947368421,
    0.2222222222222222
  ],
  "photo_29.jpg": [
    0.21052631578947367,
    0.4444444444444444
  ],
  "photo_30.jpg": [
    0.21052631578947367,
    0.1111111111111111
  ],
  "photo_31.jpg": [
    0.7894736842105263,
    0.1111111111111111
  ],
  "photo_32.jpg": [
    0.42105263157894735,
    0.6666666666666666
  ],
  "photo_33.jpg": [
    0.42105263157894735,
    0.3333333333333333
  ],
  "photo_34.jpg": [
    0.21052631578947367,
    0.2222222222222222
  ],
  "photo_35.jpg": [
    0.5263157894736842,
    0.5555555555555556
  ],
  "photo_36.jpg": [
    0.47368421052631576,
    0.5555555555555556
  ],
  "photo_37.jpg": [
    0.5263157894736842,
    0.2222222222222222
  ],
  "photo_38.jpg": [
    0.47368421052631576,
    0.1111111111111111
  ],
  "photo_39.jpg": [
    0.47368421052631576,
    0.3333333333333333
  ],
  "photo_40.jpg": [
    0.2631578947368421,
    0
  ],
  "photo_41.jpg": [
    0.5789473684210527,
    0.2222222222222222
  ],
  "photo_42.jpg": [
    0.7368421052631579,
    0.7777777777777777
  ],
  "photo_43.jpg": [
    0.631578947368421,
    0.7777777777777777
  ],
  "photo_44.jpg": [
    0.5263157894736842,
    0.4444444444444444
  ],
  "photo_45.jpg": [
    0.7894736842105263,
    0.6666666666666666
  ],
  "photo_46.jpg": [
    0.5263157894736842,
    0.1111111111111111
  ],
  "photo_47.jpg": [
    0.631578947368421,
    0.1111111111111111
  ],
  "photo_48.jpg": [
    0.5789473684210527,
    0
  ],
  "photo_49.jpg": [
    0.21052631578947367,
    0.3333333333333333
  ],
  "photo_50.jpg": [
    0.7894736842105263,
    0.8888888888888888
  ],
  "photo_51.jpg": [
    0.7368421052631579,
    0.3333333333333333
  ],
  "photo_52.jpg": [
    0.5789473684210527,
    0.3333333333333333
  ],
  "photo_53.jpg": [
    0.6842105263157894,
    0.3333333333333333
  ],
  "photo_54.jpg": [
    0.7368421052631579,
    0.8888888888888888
  ],
  "photo_55.jpg": [
    0.5263157894736842,
    0.7777777777777777
  ],
  "photo_56.jpg": [
    0.2631578947368421,
    0.4444444444444444
  ],
  "photo_57.jpg": [
    0.631578947368421,
    0.6666666666666666
  ],
  "photo_58.jpg": [
    0.3157894736842105,
    0.1111111111111111
  ],
  "photo_59.jpg": [
    0.5263157894736842,
    0.8888888888888888
  ],
  "photo_60.jpg": [
    0.42105263157894735,
    0.5555555555555556
  ],
  "photo_61.jpg": [
    0.5263157894736842,
    0
  ],
  "photo_62.jpg": [
    0.42105263157894735,
    0.4444444444444444
  ],
  "photo_63.jpg": [
    0.5789473684210527,
    0.4444444444444444
  ],
  "photo_64.jpg": [
    0.6842105263157894,
    0.7777777777777777
  ],
  "photo_65.jpg": [
    0.5263157894736842,
    0.6666666666666666
  ],
  "photo_66.jpg": [
    0.631578947368421,
    0.3333333333333333
  ],
  "photo_67.jpg": [
    0.3157894736842105,
    0.5555555555555556
  ],
  "photo_68.jpg": [
    0.7368421052631579,
    0.4444444444444444
  ],
  "photo_69.jpg": [
    0.5263157894736842,
    0.3333333333333333
  ],
  "photo_70.jpg": [
    0.3157894736842105,
    0.6666666666666666
  ],
  "photo_71.jpg": [
    0.2631578947368421,
    0.2222222222222222
  ],
  "photo_72.jpg": [
    0.6842105263157894,
    0.2222222222222222
  ],
  "photo_73.jpg": [
    0.7894736842105263,
    0.2222222222222222
  ],
  "photo_74.jpg": [
    0.47368421052631576,
    0.4444444444444444
  ],
  "photo_75.jpg": [
    0.2631578947368421,
    0.8888888888888888
  ],
  "photo_76.jpg": [
    0.47368421052631576,
    0
  ],
  "photo_77.jpg": [
    0.21052631578947367,
    0.8888888888888888
  ],
  "photo_78.jpg": [
    0.21052631578947367,
    0
  ],
  "photo_79.jpg": [
    0.5789473684210527,
    0.8888888888888888
  ],
  "photo_80.jpg": [
    0.5789473684210527,
    0.7777777777777777
  ],
  "photo_81.jpg": [
    0.7894736842105263,
    0.4444444444444444
  ],
  "photo_82.jpg": [
    0.631578947368421,
    0.4444444444444444
  ],
  "photo_83.jpg": [
    0.3684210526315789,
    0.3333333333333333
  ],
  "photo_84.jpg": [
    0.2631578947368421,
    0.6666666666666666
  ],
  "photo_85.jpg": [
    0.3684210526315789,
    0.2222222222222222
  ],
  "photo_86.jpg": [
    0.5789473684210527,
    0.6666666666666666
  ],
  "photo_87.jpg": [
    0.3684210526315789,
    0.5555555555555556
  ],
  "photo_88.jpg": [
    0.3157894736842105,
    0
  ],
  "photo_89.jpg": [
    0.47368421052631576,
    0.2222222222222222
  ],
  "photo_90.jpg": [
    0.7894736842105263,
    0.5555555555555556
  ],
  "photo_91.jpg": [
    0.3684210526315789,
    0
  ],
  "photo_92.jpg": [
    0.47368421052631576,
    0.7777777777777777
  ],
  "photo_93.jpg": [
    0.7368421052631579,
    0
  ],
  "photo_94.jpg": [
    0.3157894736842105,
    0.4444444444444444
  ],
  "photo_95.jpg": [
    0.2631578947368421,
    0.3333333333333333
  ],
  "photo_96.jpg": [
    0.6842105263157894,
    0.8888888888888888
  ],
  "photo_97.jpg": [
    0.21052631578947367,
    0.5555555555555556
  ],
  "photo_98.jpg": [
    0.7368421052631579,
    0.2222222222222222
  ],
  "photo_99.jpg": [
    0.5789473684210527,
    0.5555555555555556
  ],
  "photo_100.jpg": [
    0.47368421052631576,
    0.6666666666666666
  ],
  "photo_101.jpg": [
    0.7894736842105263,
    0.3333333333333333
  ],
  "photo_102.jpg": [
    0.21052631578947367,
    0.6666666666666666
  ],
  "photo_103.jpg": [
    0.3684210526315789,
    0.7777777777777777
  ],
  "photo_104.jpg": [
    0.6842105263157894,
    0.1111111111111111
  ],
  "photo_105.jpg": [
    0.7894736842105263,
    0
  ],
  "photo_106.jpg": [
    0.7368421052631579,
    0.1111111111111111
  ],
  "photo_107.jpg": [
    0.42105263157894735,
    0.2222222222222222
  ]
}
